{"ron": 1.5775891716900637e-06, "ron_err": 7.887945858450319e-07, "gain": 1.9999999999999973, "gain_err": 9.569211126170137e-23}